,Column,Code,Label,Class,Other For
0,SEQN,,,,
1,WTSAU2YR,0 To 323087.55894,Range Of Values,,
2,WTSAU2YR,.,Missing,,
3,AUAEXSTS,1,Complete,,
4,AUAEXSTS,2,Partial,,
5,AUAEXSTS,3,Not Done,,
6,AUAEXSTS,.,Missing,,
7,AUAEXCMT,2,Sp Refusal,,
8,AUAEXCMT,3,No Time,,
9,AUAEXCMT,4,Physical Limitation,,
10,AUAEXCMT,5,Communication Problem,,
11,AUAEXCMT,6,Equipment Failure,,
12,AUAEXCMT,7,Sp Ill/Emergency,,
13,AUAEXCMT,72,Error (Technician/Software/Supply),,
14,AUAEXCMT,84,Sp With Child,,
15,AUAEXCMT,99,"Other, Specify",,
16,AUAEXCMT,.,Missing,,
17,AUQ010,1,"Yes, Right Ear",,
18,AUQ010,2,"Yes, Left Ear",,
19,AUQ010,3,"Yes, Both Ears",,
20,AUQ010,4,No,,
21,AUQ010,7,Refused,,
22,AUQ010,9,Don'T Know,,
23,AUQ010,.,Missing,,
24,AUQ020,1,Yes,,
25,AUQ020,2,No,,
26,AUQ020,7,Refused,,
27,AUQ020,9,Don'T Know,,
28,AUQ020,.,Missing,,
29,AUQ020A,1,Yes (Checkbox Checked),,
30,AUQ020A,2,No (Checkbox Unchecked),,
31,AUQ020A,9,Don'T Know,,
32,AUQ020A,.,Missing,,
33,AUQ020B,1,Yes (Checkbox Checked),,
34,AUQ020B,2,No (Checkbox Unchecked),,
35,AUQ020B,9,Don'T Know,,
36,AUQ020B,.,Missing,,
37,AUQ020C,1,Yes (Checkbox Checked),,
38,AUQ020C,2,No (Checkbox Unchecked),,
39,AUQ020C,9,Don'T Know,,
40,AUQ020C,.,Missing,,
41,AUQ020D,1,Yes (Checkbox Checked),,
42,AUQ020D,2,No (Checkbox Unchecked),,
43,AUQ020D,9,Don'T Know,,
44,AUQ020D,.,Missing,,
45,AUQ020E,1,Yes (Checkbox Checked),,
46,AUQ020E,2,No (Checkbox Unchecked),,
47,AUQ020E,9,Don'T Know,,
48,AUQ020E,.,Missing,,
49,AUQ030,1,Yes,,
50,AUQ030,2,No,,
51,AUQ030,7,Refused,,
52,AUQ030,9,Don'T Know,,
53,AUQ030,.,Missing,,
54,AUQ040,1 To 24,Range Of Values,,
55,AUQ040,77,Sp Refused,,
56,AUQ040,99,Don'T Know,,
57,AUQ040,.,Missing,,
58,AUQ050,1,"Yes, Right Ear",,
59,AUQ050,2,"Yes, Left Ear",,
60,AUQ050,7,Refused,,
61,AUQ050,9,No / Don'T Know,,
62,AUQ050,.,Missing,,
63,AUXOTSPL,1,Yes (Checkbox Checked),,
64,AUXOTSPL,2,No (Checkbox Unchecked),,
65,AUXOTSPL,.,Missing,,
66,AUXLOEXC,1,Yes (Checkbox Checked),,
67,AUXLOEXC,2,No (Checkbox Unchecked),,
68,AUXLOEXC,.,Missing,,
69,AUXLOIMC,1,Yes (Checkbox Checked),,
70,AUXLOIMC,2,No (Checkbox Unchecked),,
71,AUXLOIMC,.,Missing,,
72,AUXLOCOL,1,Yes (Checkbox Checked),,
73,AUXLOCOL,2,No (Checkbox Unchecked),,
74,AUXLOCOL,.,Missing,,
75,AUXLOABN,1,Yes (Checkbox Checked),,
76,AUXLOABN,2,No (Checkbox Unchecked),,
77,AUXLOABN,.,Missing,,
78,AUDLOABC,1,Possible Perforated Eardrum,,
79,AUDLOABC,2,Perforated Eardrum,,
80,AUDLOABC,3,Possible Infection,,
81,AUDLOABC,4,Tm Scarring/Deformity,,
82,AUDLOABC,.,Missing,,
83,AUXROTSP,1,Yes (Checkbox Checked),,
84,AUXROTSP,2,No (Checkbox Unchecked),,
85,AUXROTSP,.,Missing,,
86,AUXROEXC,1,Yes (Checkbox Checked),,
87,AUXROEXC,2,No (Checkbox Unchecked),,
88,AUXROEXC,.,Missing,,
89,AUXROIMC,1,Yes (Checkbox Checked),,
90,AUXROIMC,2,No (Checkbox Unchecked),,
91,AUXROIMC,.,Missing,,
92,AUXROCOL,1,Yes (Checkbox Checked),,
93,AUXROCOL,2,No (Checkbox Unchecked),,
94,AUXROCOL,.,Missing,,
95,AUXROABN,1,Yes (Checkbox Checked),,
96,AUXROABN,2,No (Checkbox Unchecked),,
97,AUXROABN,.,Missing,,
98,AUDROABC,1,Possible Perforated Eardrum,,
99,AUDROABC,2,Perforated Eardrum,,
100,AUDROABC,3,Possible Infection,,
101,AUDROABC,4,Tm Scarring/Deformity,,
102,AUDROABC,.,Missing,,
103,AUXTMEPR,-276 To 150,Range Of Values,,
104,AUXTMEPR,555,Compliance <: 0.2,,
105,AUXTMEPR,777,Refused,,
106,AUXTMEPR,888,Could Not Obtain,,
107,AUXTMEPR,.,Missing,,
108,AUXTPVR,0.3 To 6,Range Of Values,,
109,AUXTPVR,777,Refused,,
110,AUXTPVR,888,Could Not Obtain,,
111,AUXTPVR,.,Missing,,
112,AUXTWIDR,0 To 246,Range Of Values,,
113,AUXTWIDR,555,Compliance <: 0.2,,
114,AUXTWIDR,777,Refused,,
115,AUXTWIDR,888,Could Not Obtain,,
116,AUXTWIDR,.,Missing,,
117,AUXTCOMR,0 To 4.5,Range Of Values,,
118,AUXTCOMR,777,Refused,,
119,AUXTCOMR,888,Could Not Obtain,,
120,AUXTCOMR,.,Missing,,
121,AUXTMEPL,-288 To 168,Range Of Values,,
122,AUXTMEPL,555,Compliance <: 0.2,,
123,AUXTMEPL,777,Refused,,
124,AUXTMEPL,888,Could Not Obtain,,
125,AUXTMEPL,.,Missing,,
126,AUXTPVL,0.2 To 6.3,Range Of Values,,
127,AUXTPVL,777,Refused,,
128,AUXTPVL,888,Could Not Obtain,,
129,AUXTPVL,.,Missing,,
130,AUXTWIDL,0 To 330,Range Of Values,,
131,AUXTWIDL,555,Compliance <: 0.2,,
132,AUXTWIDL,777,Refused,,
133,AUXTWIDL,888,Could Not Obtain,,
134,AUXTWIDL,.,Missing,,
135,AUXTCOML,0 To 4.5,Range Of Values,,
136,AUXTCOML,777,Refused,,
137,AUXTCOML,888,Could Not Obtain,,
138,AUXTCOML,.,Missing,,
139,AUAEAR,1,Right,,
140,AUAEAR,2,Left,,
141,AUAEAR,.,Missing,,
142,AUAMODE,1,Manual,,
143,AUAMODE,2,Automatic,,
144,AUAMODE,3,Mixed,,
145,AUAMODE,.,Missing,,
146,AUAFMANL,1,None,,
147,AUAFMANL,2,500 Hz,,
148,AUAFMANL,3,1000 Hz,,
149,AUAFMANL,4,2000 Hz,,
150,AUAFMANL,5,3000 Hz,,
151,AUAFMANL,6,4000 Hz,,
152,AUAFMANL,7,6000 Hz,,
153,AUAFMANL,8,8000 Hz,,
154,AUAFMANL,.,Missing,,
155,AUAFMANR,1,None,,
156,AUAFMANR,2,500 Hz,,
157,AUAFMANR,3,1000 Hz,,
158,AUAFMANR,4,2000 Hz,,
159,AUAFMANR,5,3000 Hz,,
160,AUAFMANR,6,4000 Hz,,
161,AUAFMANR,7,6000 Hz,,
162,AUAFMANR,8,8000 Hz,,
163,AUAFMANR,.,Missing,,
164,AUXU1K1R,-10 To 105,Range Of Values,,
165,AUXU1K1R,666,No Response,,
166,AUXU1K1R,888,Could Not Obtain,,
167,AUXU1K1R,.,Missing,,
168,AUXU500R,-10 To 120,Range Of Values,,
169,AUXU500R,666,No Response,,
170,AUXU500R,888,Could Not Obtain,,
171,AUXU500R,.,Missing,,
172,AUXU1K2R,-10 To 95,Range Of Values,,
173,AUXU1K2R,666,No Response,,
174,AUXU1K2R,888,Could Not Obtain,,
175,AUXU1K2R,.,Missing,,
176,AUXU2KR,-10 To 110,Range Of Values,,
177,AUXU2KR,666,No Response,,
178,AUXU2KR,888,Could Not Obtain,,
179,AUXU2KR,.,Missing,,
180,AUXU3KR,-10 To 110,Range Of Values,,
181,AUXU3KR,666,No Response,,
182,AUXU3KR,888,Could Not Obtain,,
183,AUXU3KR,.,Missing,,
184,AUXU4KR,-10 To 120,Range Of Values,,
185,AUXU4KR,666,No Response,,
186,AUXU4KR,888,Could Not Obtain,,
187,AUXU4KR,.,Missing,,
188,AUXU6KR,-10 To 120,Range Of Values,,
189,AUXU6KR,666,No Response,,
190,AUXU6KR,888,Could Not Obtain,,
191,AUXU6KR,.,Missing,,
192,AUXU8KR,-10 To 110,Range Of Values,,
193,AUXU8KR,666,No Response,,
194,AUXU8KR,888,Could Not Obtain,,
195,AUXU8KR,.,Missing,,
196,AUXU1K1L,-10 To 100,Range Of Values,,
197,AUXU1K1L,666,No Response,,
198,AUXU1K1L,888,Could Not Obtain,,
199,AUXU1K1L,.,Missing,,
200,AUXU500L,-10 To 100,Range Of Values,,
201,AUXU500L,666,No Response,,
202,AUXU500L,888,Could Not Obtain,,
203,AUXU500L,.,Missing,,
204,AUXU1K2L,-10 To 100,Range Of Values,,
205,AUXU1K2L,666,No Response,,
206,AUXU1K2L,888,Could Not Obtain,,
207,AUXU1K2L,.,Missing,,
208,AUXU2KL,-10 To 115,Range Of Values,,
209,AUXU2KL,666,No Response,,
210,AUXU2KL,888,Could Not Obtain,,
211,AUXU2KL,.,Missing,,
212,AUXU3KL,-10 To 110,Range Of Values,,
213,AUXU3KL,666,No Response,,
214,AUXU3KL,888,Could Not Obtain,,
215,AUXU3KL,.,Missing,,
216,AUXU4KL,-10 To 115,Range Of Values,,
217,AUXU4KL,666,No Response,,
218,AUXU4KL,888,Could Not Obtain,,
219,AUXU4KL,.,Missing,,
220,AUXU6KL,-10 To 110,Range Of Values,,
221,AUXU6KL,666,No Response,,
222,AUXU6KL,888,Could Not Obtain,,
223,AUXU6KL,.,Missing,,
224,AUXU8KL,-10 To 105,Range Of Values,,
225,AUXU8KL,666,No Response,,
226,AUXU8KL,888,Could Not Obtain,,
227,AUXU8KL,.,Missing,,
228,AUXR1K1R,0 To 90,Range Of Values,,
229,AUXR1K1R,666,No Response,,
230,AUXR1K1R,888,Could Not Obtain,,
231,AUXR1K1R,.,Missing,,
232,AUXR5CR,5 To 105,Range Of Values,,
233,AUXR5CR,666,No Response,,
234,AUXR5CR,888,Could Not Obtain,,
235,AUXR5CR,.,Missing,,
236,AUXR1K2R,25 To 40,Range Of Values,,
237,AUXR1K2R,666,No Response,,
238,AUXR1K2R,888,Could Not Obtain,,
239,AUXR1K2R,.,Missing,,
240,AUXR2KR,65 To 90,Range Of Values,,
241,AUXR2KR,666,No Response,,
242,AUXR2KR,888,Could Not Obtain,,
243,AUXR2KR,.,Missing,,
244,AUXR3KR,40 To 115,Range Of Values,,
245,AUXR3KR,666,No Response,,
246,AUXR3KR,888,Could Not Obtain,,
247,AUXR3KR,.,Missing,,
248,AUXR4KR,40 To 115,Range Of Values,,
249,AUXR4KR,666,No Response,,
250,AUXR4KR,888,Could Not Obtain,,
251,AUXR4KR,.,Missing,,
252,AUXR6KR,45 To 85,Range Of Values,,
253,AUXR6KR,666,No Response,,
254,AUXR6KR,888,Could Not Obtain,,
255,AUXR6KR,.,Missing,,
256,AUXR8KR,35 To 95,Range Of Values,,
257,AUXR8KR,666,No Response,,
258,AUXR8KR,888,Could Not Obtain,,
259,AUXR8KR,.,Missing,,
260,AUXR1K1L,5 To 85,Range Of Values,,
261,AUXR1K1L,666,No Response,,
262,AUXR1K1L,888,Could Not Obtain,,
263,AUXR1K1L,.,Missing,,
264,AUXR5CL,50 To 90,Range Of Values,,
265,AUXR5CL,666,No Response,,
266,AUXR5CL,888,Could Not Obtain,,
267,AUXR5CL,.,Missing,,
268,AUXR1K2L,50,50,,
269,AUXR1K2L,666,No Response,,
270,AUXR1K2L,888,Could Not Obtain,,
271,AUXR1K2L,.,Missing,,
272,AUXR2KL,45 To 95,Range Of Values,,
273,AUXR2KL,666,No Response,,
274,AUXR2KL,888,Could Not Obtain,,
275,AUXR2KL,.,Missing,,
276,AUXR3KL,45 To 95,Range Of Values,,
277,AUXR3KL,666,No Response,,
278,AUXR3KL,888,Could Not Obtain,,
279,AUXR3KL,.,Missing,,
280,AUXR4KL,35 To 110,Range Of Values,,
281,AUXR4KL,666,No Response,,
282,AUXR4KL,888,Could Not Obtain,,
283,AUXR4KL,.,Missing,,
284,AUXR6KL,25 To 100,Range Of Values,,
285,AUXR6KL,666,No Response,,
286,AUXR6KL,888,Could Not Obtain,,
287,AUXR6KL,.,Missing,,
288,AUXR8KL,15 To 95,Range Of Values,,
289,AUXR8KL,666,No Response,,
290,AUXR8KL,888,Could Not Obtain,,
291,AUXR8KL,.,Missing,,
292,AUAREQC,1,Good - Tympanogram Is Smooth And Symmetrical,,
293,AUAREQC,2,Adequate - Tympanogram Is 'Noisy' But Adequate For Interpretation,,
294,AUAREQC,3,Poor - Tympanogram Cannot Be Interpreted,,
295,AUAREQC,7,Sp Refused Tympanometry,,
296,AUAREQC,8,There Was No Tymp,,
297,AUAREQC,9,Equivocal - Tympanogram Cannot Be Evaluated Without Further Information,,
298,AUAREQC,888,Cno - Technician Could Not Obtain The Tympanogram,,
299,AUAREQC,.,Missing,,
300,AUALEQC,1,Good - Tympanogram Is Smooth And Symmetrical,,
301,AUALEQC,2,Adequate - Tympanogram Is 'Noisy' But Adequate For Interpretation,,
302,AUALEQC,3,Poor - Tympanogram Cannot Be Interpreted,,
303,AUALEQC,7,Sp Refused Tympanometry,,
304,AUALEQC,8,There Was No Tymp,,
305,AUALEQC,9,Equivocal - Tympanogram Cannot Be Evaluated Without Further Information,,
306,AUALEQC,888,Cno - Technician Could Not Obtain The Tympanogram,,
307,AUALEQC,.,Missing,,
