,Column,English_Text,Target,English_Instructions,Attribute,attributeOf,Unit,Time,Entity,Role,Relation,inRelationTo,wasDerivedFrom,Maturity,Template,wasGeneratedBy
0,SEQN,Respondent Sequence Number,Both males and females 3 YEARS - 150 YEARS,,,,,,,,,,,,,
1,WTSA2YR,Subsample A Weights,Both males and females 3 YEARS - 150 YEARS,,,,,,,,,,,,,
2,URX1DC,N-acetyl-S-(12-dichlorovinyl)-L-cysteine (ng/mL),Both males and females 3 YEARS - 150 YEARS,,,,,,,,,,,,,
3,URD1DCLC,N-acetyl-S-(12-dichlorovinyl)-L-cysteine comment code,Both males and females 3 YEARS - 150 YEARS,,,,,,,,,,,,,
4,URX2DC,N-acetyl-S-(22-dichlorovinyl)-L-cysteine (ng/mL),Both males and females 3 YEARS - 150 YEARS,,,,,,,,,,,,,
5,URD2DCLC,N-acetyl-S-(22-dichlorovinyl)-L-cysteine comment code,Both males and females 3 YEARS - 150 YEARS,,,,,,,,,,,,,
6,URX2MH,2-methylhippuric acid (ng/mL),Both males and females 3 YEARS - 150 YEARS,,,,,,,,,,,,,
7,URD2MHLC,2-methylhippuric acid comment code,Both males and females 3 YEARS - 150 YEARS,,,,,,,,,,,,,
8,URX34M,3-methylhippuric acid & 4-methylhippuric acid(ng/mL),Both males and females 3 YEARS - 150 YEARS,,,,,,,,,,,,,
9,URD34MLC,3-methylhippuric acid & 4-methylhippuric acid comment code,Both males and females 3 YEARS - 150 YEARS,,,,,,,,,,,,,
10,URXAAM,N-acetyl-S-(2-carbamoylethyl)-L-cysteine(ng/mL),Both males and females 3 YEARS - 150 YEARS,,,,,,,,,,,,,
11,URDAAMLC,N-acetyl-S-(2-carbamoylethyl)-L-cysteine comment code,Both males and females 3 YEARS - 150 YEARS,,,,,,,,,,,,,
12,URXAMC,N-acetyl-S-(N-methylcarbamoyl)-L-cysteine(ng/mL),Both males and females 3 YEARS - 150 YEARS,,,,,,,,,,,,,
13,URDAMCLC,N-acetyl-S-(N-methylcarbamoyl)-L-cysteine comment code,Both males and females 3 YEARS - 150 YEARS,,,,,,,,,,,,,
14,URXATC,2-aminothiazoline-4-carboxylic acid(ng/mL),Both males and females 3 YEARS - 150 YEARS,,,,,,,,,,,,,
15,URDATCLC,2-amnothiazolne-4-carbxylic acid comment code,Both males and females 3 YEARS - 150 YEARS,,,,,,,,,,,,,
16,URXBMA,N-acetyl-S-(benzyl)-L-cysteine(ng/mL),Both males and females 3 YEARS - 150 YEARS,,,,,,,,,,,,,
17,URDBMALC,N-acetyl-S-(benzyl)-L-cysteine comment code,Both males and females 3 YEARS - 150 YEARS,,,,,,,,,,,,,
18,URXBPM,N-acetyl-S-(n-propyl)-L-cysteine(ng/mL),Both males and females 3 YEARS - 150 YEARS,,,,,,,,,,,,,
19,URDBPMLC,N-acetyl-S-(n-propyl)-L-cysteine comment code,Both males and females 3 YEARS - 150 YEARS,,,,,,,,,,,,,
20,URXCEM,N-acetyl-S-(2-carboxyethyl)-L-cysteine(ng/mL),Both males and females 3 YEARS - 150 YEARS,,,,,,,,,,,,,
21,URDCEMLC,N-acetyl-S- (2-carboxyethyl)-L-cysteine comment code,Both males and females 3 YEARS - 150 YEARS,,,,,,,,,,,,,
22,URXCYHA,N-Acetyl-S-(1-cyano-2-hydroxyethyl)-L-cysteine (CYHA) (ng/mL),Both males and females 3 YEARS - 150 YEARS,,,,,,,,,,,,,
23,URDCYALC,N-Acetyl-S-(1-cyano-2-hydroxyethyl)-L-cysteine (CYHA) comment code,Both males and females 3 YEARS - 150 YEARS,,,,,,,,,,,,,
24,URXCYM,N-acetyl-S-(2-cyanoethyl)-L-cysteine(ng/mL),Both males and females 3 YEARS - 150 YEARS,,,,,,,,,,,,,
25,URDCYMLC,N-acetyl-S-(2-cyanoethyl)-L-cysteine comment code,Both males and females 3 YEARS - 150 YEARS,,,,,,,,,,,,,
26,URXDHB,N-acetyl-S-(34-dihidroxybutyl)-L-cysteine(ng/mL),Both males and females 3 YEARS - 150 YEARS,,,,,,,,,,,,,
27,URDDHBLC,N-acetyl-S-(34-dihidroxybutyl)-L-cysteine comment code,Both males and females 3 YEARS - 150 YEARS,,,,,,,,,,,,,
28,URXDPM,N-acetyl-S-(dimethylphenyl)-L-cysteine(ng/mL),Both males and females 3 YEARS - 150 YEARS,,,,,,,,,,,,,
29,URDDPMLC,N-acetyl-S-(dimethylphenyl)-L-cysteine comment code,Both males and females 3 YEARS - 150 YEARS,,,,,,,,,,,,,
30,URXGAM,N-acetyl-S-(2-carbamoyl-2-hydroxyethyl)-L-cysteine(ng/mL),Both males and females 3 YEARS - 150 YEARS,,,,,,,,,,,,,
31,URDGAMLC,N-acetyl-S-(2-carbamoyl-2-hydroxyethyl)-L-cysteine comment code,Both males and females 3 YEARS - 150 YEARS,,,,,,,,,,,,,
32,URXHEM,N-acetyl-S-(2-hydroxyethyl)-L-cysteine(ng/mL),Both males and females 3 YEARS - 150 YEARS,,,,,,,,,,,,,
33,URDHEMLC,N-acetyl-S-(2-hydroxyethyl)-L-cysteine comment code,Both males and females 3 YEARS - 150 YEARS,,,,,,,,,,,,,
34,URXHP2,N-acetyl-S- (2-hydroxypropyl)-L-cysteine(ng/mL),Both males and females 3 YEARS - 150 YEARS,,,,,,,,,,,,,
35,URDHP2LC,N-acetyl-S- (2-hydroxypropyl)-L-cysteine comment code,Both males and females 3 YEARS - 150 YEARS,,,,,,,,,,,,,
36,URXHPM,N-acetyl-S- (3-hydroxypropyl)-L-cysteine(ng/mL),Both males and females 3 YEARS - 150 YEARS,,,,,,,,,,,,,
37,URDHPMLC,N-acetyl-S- (3-hydroxypropyl)-L-cysteine comment code,Both males and females 3 YEARS - 150 YEARS,,,,,,,,,,,,,
38,URXIPM1,N-Acetyl-S-(2-hydroxy-3-methyl-3-buten-1-yl)-L-cysteine + N-Acetyl-S-(2-hydroxy-2-methyl-3-buten-1-yl)-L-cysteine (ng/mL),Both males and females 3 YEARS - 150 YEARS,,,,,,,,,,,,,
39,URDPM1LC,N-Acetyl-S-(2-hydroxy-3-methyl-3-buten-1-yl)-L-cysteine + N-Acetyl-S-(2-hydroxy-2-methyl-3-buten-1-yl)-L-cysteine comment code,Both males and females 3 YEARS - 150 YEARS,,,,,,,,,,,,,
40,URXIPM3,N-Acetyl-S-(4-hydroxy-2-methyl-2-buten-1-yl)-L-cysteine (ng/mL),Both males and females 3 YEARS - 150 YEARS,,,,,,,,,,,,,
41,URDPM3LC,N-Acetyl-S-(4-hydroxy-2-methyl-2-buten-1-yl)-L-cysteine comment code,Both males and females 3 YEARS - 150 YEARS,,,,,,,,,,,,,
42,URXMAD,Mandelic acid(ng/mL),Both males and females 3 YEARS - 150 YEARS,,,,,,,,,,,,,
43,URDMADLC,Mandelic acid comment code,Both males and females 3 YEARS - 150 YEARS,,,,,,,,,,,,,
44,URXMB1,N-acetyl-S-(1-hydroxymethyl)-2-propenyl)-L-cysteine(ng/mL),Both males and females 3 YEARS - 150 YEARS,,,,,,,,,,,,,
45,URDMB1LC,N-acetyl-S-(1-hydroxymethyl)-2-Propenyl)-L-cysteine comment code,Both males and females 3 YEARS - 150 YEARS,,,,,,,,,,,,,
46,URXMB2,N-acetyl-S-(2-hydroxy-3-butenyl)-L-cysteine (ng/mL),Both males and females 3 YEARS - 150 YEARS,,,,,,,,,,,,,
47,URDMB2LC,N-acetyl-S-(2-hydroxy-3-butenyl)-L-cysteine comment code,Both males and females 3 YEARS - 150 YEARS,,,,,,,,,,,,,
48,URXMB3,N-acetyl-S- (4-hydroxy-2-butenyl)-L-cysteine (ng/mL),Both males and females 3 YEARS - 150 YEARS,,,,,,,,,,,,,
49,URDMB3LC,N-acetyl-S- (4-hydroxy-2-butenyl)-L-cysteine comment code,Both males and females 3 YEARS - 150 YEARS,,,,,,,,,,,,,
50,URXPHE,N-acetyl-S-(phenyl-2-hydroxyethyl)-L-cysteine(ng/mL),Both males and females 3 YEARS - 150 YEARS,,,,,,,,,,,,,
51,URDPHELC,N-acetyl-S-(phenyl-2-hydroxyethyl)-L-cysteine comment code,Both males and females 3 YEARS - 150 YEARS,,,,,,,,,,,,,
52,URXPHG,Phenylglyoxylic acid(ng/mL),Both males and females 3 YEARS - 150 YEARS,,,,,,,,,,,,,
53,URDPHGLC,Phenylglyoxylic acid comment code,Both males and females 3 YEARS - 150 YEARS,,,,,,,,,,,,,
54,URXPMA,N-acetyl-S-(phenyl)-L-cysteine(ng/mL),Both males and females 3 YEARS - 150 YEARS,,,,,,,,,,,,,
55,URDPMALC,N-acetyl-S-(phenyl)-L-cysteine comment code,Both males and females 3 YEARS - 150 YEARS,,,,,,,,,,,,,
56,URXPMM,N-acetyl-S-(3-hydroxypropyl-1-methyl)-L-cysteine(ng/mL),Both males and females 3 YEARS - 150 YEARS,,,,,,,,,,,,,
57,URDPMMLC,N-acetyl-S-(3-hydroxypropyl-1-methyl)-L-cysteine comment code,Both males and females 3 YEARS - 150 YEARS,,,,,,,,,,,,,
58,URXTCV,N-acetyl-S-(trichlorovinyl)-L-cysteine(ng/mL),Both males and females 3 YEARS - 150 YEARS,,,,,,,,,,,,,
59,URDTCVLC,N-acetyl-S-(trichlorovinyl)-L-cysteine comment code,Both males and females 3 YEARS - 150 YEARS,,,,,,,,,,,,,
